{"conv_104_633Y": [-2.4891152381896973, 3.29129958152771], "conv_28_564Y": [-3.9136881828308105, 2.536303758621216], "add_124_478Y": [-8.502096176147461, 9.298287391662598], "clip_54_386Y": [0.0, 2.217902660369873], "clip_40_368Y": [0.0, 1.1762388944625854], "conv_55_588Y": [-3.638889789581299, 2.699000120162964], "conv_61_594Y": [-1.9527885913848877, 2.191784381866455], "clip_3_319Y": [0.0, 3.7542190551757812], "clip_35_361Y": [0.0, 3.2110700607299805], "conv_70_603Y": [-1.974836826324463, 1.4740132093429565], "conv_17_552Y": [-4.341564178466797, 5.115334510803223], "conv_76_609Y": [-0.8556349873542786, 0.8406064510345459], "conv_18_555Y": [-6.095518589019775, 2.05403733253479], "add_46_376Y": [-4.4490437507629395, 4.418408393859863], "conv_90_621Y": [-1.6747004985809326, 5.205758094787598], "conv_37_573Y": [-1.1057740449905396, 1.1762388944625854], "flatten_168_535Y": [0.0, 4.532948970794678], "conv_80_612Y": [-2.2861368656158447, 1.4190208911895752], "conv_66_600Y": [-0.8664429187774658, 0.9794464111328125], "clip_112_462Y": [0.0, 6.0], "conv_22_558Y": [-3.723918914794922, 3.176483392715454], "clip_79_419Y": [0.0, 0.8406064510345459], "conv_65_597Y": [-3.12797212600708, 2.8256044387817383], "add_85_427Y": [-3.884875774383545, 3.0321874618530273], "add_27_351Y": [-5.596170425415039, 6.496407508850098], "add_56_389Y": [-6.295140266418457, 4.869019508361816], "conv_138_666Y": [-5.928948402404785, 5.652817726135254], "add_95_440Y": [-4.855224132537842, 4.120706081390381], "clip_122_475Y": [0.0, 5.9834303855896], "conv_129_657Y": [-3.1342501640319824, 5.956431865692139], "conv_41_576Y": [-2.7145700454711914, 1.9321922063827515], "conv_133_660Y": [-10.035345077514648, 7.0950822830200195], "conv_123_651Y": [-8.749494552612305, 7.05689001083374], "conv_152_678Y": [-18.294769287109375, 17.023754119873047], "globalaveragepool_167_534Y": [0.0, 4.532948970794678], "conv_57_591Y": [-1.8494349718093872, 2.3621904850006104], "add_75_414Y": [-3.6848278045654297, 3.0194551944732666], "conv_4_540Y": [-8.931024551391602, 16.64854621887207], "conv_148_675Y": [-5.419522285461426, 10.037566184997559], "conv_13_549Y": [-8.265666007995605, 5.775845050811768], "clip_99_445Y": [0.0, 1.7157260179519653], "clip_12_331Y": [0.0, 6.0], "clip_128_483Y": [0.0, 3.626272439956665], "clip_151_513Y": [0.0, 6.0], "conv_105_636Y": [-1.5284452438354492, 1.7091357707977295], "clip_141_500Y": [0.0, 5.652817726135254], "clip_16_336Y": [0.0, 5.775845050811768], "clip_69_406Y": [0.0, 0.9794464111328125], "clip_89_432Y": [0.0, 0.949384331703186], "conv_26_561Y": [-4.377718925476074, 5.035396575927734], "conv_134_663Y": [-3.578132152557373, 5.149591445922852], "clip_25_348Y": [0.0, 3.176483392715454], "conv_109_639Y": [-9.699518203735352, 8.263021469116211], "clip_161_526Y": [0.0, 1.9033576250076294], "conv_154_681Y": [-9.428216934204102, 3.69065523147583], "conv_0_537Y": [-2.781176805496216, 3.7542190551757812], "clip_108_457Y": [0.0, 1.7091357707977295], "conv_119_648Y": [-4.934967517852783, 5.9834303855896], "conv_142_669Y": [-6.55185079574585, 9.185338020324707], "conv_162_687Y": [-1.637952446937561, 1.4009737968444824], "clip_21_343Y": [0.0, 2.05403733253479], "conv_115_645Y": [-2.1003940105438232, 4.472618103027344], "conv_125_654Y": [-1.4701461791992188, 3.626272439956665], "clip_44_373Y": [0.0, 1.9321922063827515], "conv_113_642Y": [-3.1927123069763184, 3.883286952972412], "conv_51_585Y": [-2.3628342151641846, 2.217902660369873], "clip_50_381Y": [0.0, 1.2401480674743652], "clip_64_399Y": [0.0, 2.191784381866455], "conv_36_570Y": [-4.089856147766113, 3.3690109252929688], "conv_163_690Y": [-10.081767082214355, 12.763701438903809], "conv_32_567Y": [-4.3620734214782715, 3.2110700607299805], "clip_7_324Y": [0.0, 6.0], "add_143_503Y": [-13.79090690612793, 16.04168701171875], "clip_31_356Y": [0.0, 2.536303758621216], "conv_86_618Y": [-1.104189157485962, 0.949384331703186], "conv_100_630Y": [-2.3495545387268066, 3.231837272644043], "clip_73_411Y": [0.0, 1.4740132093429565], "add_153_516Y": [-25.40439224243164, 32.822784423828125], "clip_132_488Y": [0.0, 5.956431865692139], "conv_94_624Y": [-5.132952690124512, 3.0997910499572754], "conv_45_579Y": [-3.1291444301605225, 3.2027621269226074], "conv_8_543Y": [-7.337926387786865, 7.978810787200928], "conv_84_615Y": [-1.799734115600586, 1.5387028455734253], "conv_74_606Y": [-2.002349615097046, 1.9156806468963623], "add_114_465Y": [-3.185692310333252, 4.625785827636719], "clip_157_521Y": [0.0, 3.69065523147583], "clip_166_533Y": [0.0, 6.0], "conv_144_672Y": [-3.6135220527648926, 4.918960094451904], "clip_60_394Y": [0.0, 2.3621904850006104], "clip_103_450Y": [0.0, 3.231837272644043], "conv_158_684Y": [-4.903442859649658, 1.9033576250076294], "clip_93_437Y": [0.0, 5.205758094787598], "input": [-2.1179039478302, 2.640000104904175], "clip_118_470Y": [0.0, 4.472618103027344], "conv_47_582Y": [-1.0274465084075928, 1.2401480674743652], "clip_147_508Y": [0.0, 4.918960094451904], "clip_83_424Y": [0.0, 1.4190208911895752], "output": [-10.144574165344238, 23.22694969177246], "clip_137_495Y": [0.0, 5.149591445922852], "conv_96_627Y": [-1.4436769485473633, 1.7157260179519653], "conv_9_546Y": [-7.854877948760986, 7.015870094299316]}